System Tick,UTC Time Stamp,Raw AD Ch #1,Raw AD Ch #2,Raw AD Ch #3,Raw AD Ch #4,Gas Conc Ch #1,Gas Conc Ch #2,Gas Conc Ch #3,Gas Conc Ch #4,H2S TWA Value,CO TWA Value,H2S STEL Value,CO STEL Value,Status Ch #1,Status Ch #2,Status Ch #3,Status Ch #4,MIPEX NTC AD,Remaining Life Time,Temperature,Battery Voltage,Reserved1,Reserved2,CRC,
246598,16/1/16 22:44:24,82,119,8090,0,-1.55,-5.47,20.93,0,0,0,0,0,6,6,6,0,0,58656308,19,2995,100,0,32708,
246599,16/1/16 22:44:25,82,116,8089,0,-1.55,-5.47,20.93,0,0,0,0,0,6,6,6,0,0,58656307,19,2995,100,0,42868,
246600,16/1/16 22:44:26,82,116,8089,0,-1.55,-6.35,20.93,0,0,0,0,0,6,6,6,0,0,58656306,19,2995,100,0,50083,
246601,16/1/16 22:44:27,83,115,8088,0,-1.55,-6.35,20.93,0,0,0,0,0,6,6,6,0,0,58656305,19,2995,100,0,25515,
246602,16/1/16 22:44:28,82,116,8088,0,-1.54,-6.41,20.93,0,0,0,0,0,6,6,6,0,0,58656304,19,2995,100,0,3968,
246603,16/1/16 22:44:29,81,115,8088,0,-1.54,-6.41,20.93,0,0,0,0,0,6,6,6,0,0,58656303,19,2995,100,0,35070,
246604,16/1/16 22:44:30,81,114,8089,0,-1.55,-6.41,20.93,0,0,0,0,0,6,6,6,0,0,58656302,19,2995,100,0,39549,
246606,16/1/16 22:44:31,81,115,8091,0,-1.55,-6.41,20.93,0,0,0,0,0,6,6,6,0,0,58656301,19,2995,100,0,9163,
246607,16/1/16 22:44:32,81,114,8092,0,-1.55,-6.41,20.94,0,0,0,0,0,6,6,6,0,0,58656300,19,2995,100,0,39519,
246609,16/1/16 22:44:34,82,113,8092,0,-1.55,-6.48,20.94,0,0,0,0,0,6,6,6,0,0,58656298,19,2995,100,0,31852,
246610,16/1/16 22:44:35,82,113,8091,0,-1.55,-6.48,20.94,0,0,0,0,0,6,6,6,0,0,58656297,19,2995,100,0,13839,
246615,16/1/16 22:44:40,82,113,8089,0,-1.55,-6.55,20.93,0,0,0,0,0,6,6,6,0,0,58656292,19,2995,100,0,2823,
246620,16/1/16 22:44:45,81,114,8090,0,-1.55,-6.62,21,0,0,0,0,0,6,6,6,0,0,58656287,18,2995,100,0,27766,
246625,16/1/16 22:44:50,82,114,8090,0,-1.55,-6.62,21,0,0,0,0,0,6,6,6,0,0,58656282,18,2995,100,0,205,
246630,16/1/16 22:44:55,82,116,8091,0,-1.55,-6.41,21,0,0,0,0,0,6,6,6,0,0,58656277,18,2995,100,0,56240,
246635,16/1/16 22:45:0,82,116,8091,0,-1.55,-6.41,21,0,0,0,0,0,6,6,6,0,0,58656272,18,2995,100,0,55500,
246641,16/1/16 22:45:5,82,116,8091,0,-1.55,-6.41,21,0,0,0,0,0,6,6,6,0,0,58656267,18,2995,100,0,22119,
246646,16/1/16 22:45:11,82,116,8091,0,-1.55,-6.41,21,0,0,0,0,0,6,6,6,0,0,58656261,18,2995,100,0,13958,
246652,16/1/16 22:45:16,82,116,8091,0,-1.55,-6.41,21,0,0,0,0,0,6,6,6,0,0,58656256,18,2995,100,0,39614,
246657,16/1/16 22:45:21,82,116,8091,0,-1.55,-6.41,21,0,0,0,0,0,6,6,6,0,0,58656251,18,2995,100,0,42142,
246662,16/1/16 22:45:26,82,116,8091,0,-1.55,-6.41,21,0,0,0,0,0,6,6,6,0,0,58656246,18,2995,100,0,54889,
246667,16/1/16 22:45:31,82,116,8091,0,-1.55,-6.41,21,0,0,0,0,0,6,6,6,0,0,58656241,18,2995,100,0,32232,
246672,16/1/16 22:45:36,82,116,8091,0,-1.55,-6.41,21,0,0,0,0,0,6,6,6,0,0,58656236,18,2995,100,0,3704,
246677,16/1/16 22:45:41,82,116,8091,0,-1.55,-6.41,21,0,0,0,0,0,6,6,6,0,0,58656231,18,2995,100,0,18997,
246682,16/1/16 22:45:46,82,116,8091,0,-1.55,-6.41,21,0,0,0,0,0,6,6,6,0,0,58656226,18,2995,100,0,1705,
246688,16/1/16 22:45:52,82,116,8091,0,-1.55,-6.41,21,0,0,0,0,0,6,6,6,0,0,58656220,18,2995,100,0,9258,
246694,16/1/16 22:45:57,82,116,8091,0,-1.55,-6.41,21,0,0,0,0,0,6,6,6,0,0,58656215,18,2995,100,0,24679,
246699,16/1/16 22:46:2,82,116,8091,0,-1.55,-6.41,21,0,0,0,0,0,6,6,6,0,0,58656210,18,2995,100,0,596,
246704,16/1/16 22:46:7,82,116,8091,0,-1.55,-6.41,21,0,0,0,0,0,6,6,6,0,0,58656205,18,2995,100,0,18696,
246709,16/1/16 22:46:12,82,116,8091,0,-1.55,-6.41,21,0,0,0,0,0,6,6,6,0,0,58656200,18,2995,100,0,23179,
246714,16/1/16 22:46:17,82,116,8091,0,-1.55,-6.41,21,0,0,0,0,0,6,6,6,0,0,58656195,18,2995,100,0,25480,
246719,16/1/16 22:46:22,82,116,8091,0,-1.55,-6.41,21,0,0,0,0,0,6,6,6,0,0,58656190,18,2995,100,0,20507,
246724,16/1/16 22:46:27,82,116,8091,0,-1.55,-6.41,21,0,0,0,0,0,6,6,6,0,0,58656185,18,2995,100,0,3648,
246730,16/1/16 22:46:33,82,116,8091,0,-1.55,-6.41,21,0,0,0,0,0,6,6,6,0,0,58656179,18,2995,100,0,24062,
246736,16/1/16 22:46:38,82,116,8091,0,-1.55,-6.41,21,0,0,0,0,0,6,6,6,0,0,58656174,18,2995,100,0,61165,
246741,16/1/16 22:46:43,82,116,8091,0,-1.55,-6.41,21,0,0,0,0,0,6,6,6,0,0,58656169,18,2995,100,0,47792,
246746,16/1/16 22:46:48,82,116,8091,0,-1.55,-6.41,21,0,0,0,0,0,6,6,6,0,0,58656164,18,2995,100,0,52349,
246751,16/1/16 22:46:53,82,116,8091,0,-1.55,-6.41,21,0,0,0,0,0,6,6,6,0,0,58656159,18,2995,100,0,14252,
246756,16/1/16 22:46:58,82,116,8091,0,-1.55,-6.41,21,0,0,0,0,0,6,6,6,0,0,58656154,18,2995,100,0,23363,
246761,16/1/16 22:47:3,82,116,8091,0,-1.55,-6.41,21,0,0,0,0,0,6,6,6,0,0,58656149,18,2995,100,0,16088,
246766,16/1/16 22:47:8,82,116,8091,0,-1.55,-6.41,21,0,0,0,0,0,6,6,6,0,0,58656144,18,2995,100,0,10077,
246772,16/1/16 22:47:14,82,116,8091,0,-1.55,-6.41,21,0,0,0,0,0,6,6,6,0,0,58656138,18,2995,100,0,35416,
246778,16/1/16 22:47:19,82,116,8091,0,-1.55,-6.41,21,0,0,0,0,0,6,6,6,0,0,58656133,18,2995,100,0,31914,
246783,16/1/16 22:47:24,82,116,8091,0,-1.55,-6.41,21,0,0,0,0,0,6,6,6,0,0,58656128,18,2995,100,0,28457,
246788,16/1/16 22:47:29,82,116,8091,0,-1.55,-6.41,21,0,0,0,0,0,6,6,6,0,0,58656123,18,2995,100,0,5382,
246793,16/1/16 22:47:34,82,116,8091,0,-1.55,-6.41,21,0,0,0,0,0,6,6,6,0,0,58656118,18,2995,100,0,59199,
246798,16/1/16 22:47:39,82,116,8091,0,-1.55,-6.41,21,0,0,0,0,0,6,6,6,0,0,58656113,18,2995,100,0,19646,
246803,16/1/16 22:47:44,82,116,8091,0,-1.55,-6.41,21,0,0,0,0,0,6,6,6,0,0,58656108,18,2995,100,0,49120,
246808,16/1/16 22:47:49,82,116,8091,0,-1.55,-6.41,21,0,0,0,0,0,6,6,6,0,0,58656103,18,2995,100,0,19984,
246814,16/1/16 22:47:55,82,116,8091,0,-1.55,-6.41,21,0,0,0,0,0,6,6,6,0,0,58656097,18,2995,100,0,1772,
246820,16/1/16 22:48:0,82,116,8091,0,-1.55,-6.41,21,0,0,0,0,0,6,6,6,0,0,58656092,18,2995,100,0,64237,
246825,16/1/16 22:48:5,82,116,8091,0,-1.55,-6.41,21,0,0,0,0,0,6,6,6,0,0,58656087,18,2995,100,0,16764,
246830,16/1/16 22:48:10,82,116,8091,0,-1.55,-6.41,21,0,0,0,0,0,6,6,6,0,0,58656082,18,2995,100,0,60522,
246835,16/1/16 22:48:15,82,116,8091,0,-1.55,-6.41,21,0,0,0,0,0,6,6,6,0,0,58656077,18,2995,100,0,42806,
246840,16/1/16 22:48:20,82,116,8091,0,-1.55,-6.41,21,0,0,0,0,0,6,6,6,0,0,58656072,18,2995,100,0,2830,
246845,16/1/16 22:48:25,82,116,8091,0,-1.55,-6.41,21,0,0,0,0,0,6,6,6,0,0,58656067,18,2995,100,0,36278,
246850,16/1/16 22:48:30,82,116,8091,0,-1.55,-6.41,21,0,0,0,0,0,6,6,6,0,0,58656062,18,2995,100,0,46115,
246856,16/1/16 22:48:36,82,116,8091,0,-1.55,-6.41,21,0,0,0,0,0,6,6,6,0,0,58656056,18,2995,100,0,63113,
246862,16/1/16 22:48:41,82,116,8091,0,-1.55,-6.41,21,0,0,0,0,0,6,6,6,0,0,58656051,18,2995,100,0,46016,
246867,16/1/16 22:48:46,82,116,8091,0,-1.55,-6.41,21,0,0,0,0,0,6,6,6,0,0,58656046,18,2995,100,0,211,
246872,16/1/16 22:48:51,82,116,8091,0,-1.55,-6.41,21,0,0,0,0,0,6,6,6,0,0,58656041,18,2995,100,0,60213,
246877,16/1/16 22:48:56,82,116,8091,0,-1.55,-6.41,21,0,0,0,0,0,6,6,6,0,0,58656036,18,2995,100,0,8771,
246882,16/1/16 22:49:1,82,116,8091,0,-1.55,-6.41,21,0,0,0,0,0,6,6,6,0,0,58656031,18,2995,100,0,51565,
246887,16/1/16 22:49:6,82,116,8091,0,-1.55,-6.41,21,0,0,0,0,0,6,6,6,0,0,58656026,18,2995,100,0,23134,
246892,16/1/16 22:49:11,82,116,8091,0,-1.55,-6.41,21,0,0,0,0,0,6,6,6,0,0,58656021,18,2995,100,0,56032,
246898,16/1/16 22:49:17,82,116,8091,0,-1.55,-6.41,21,0,0,0,0,0,6,6,6,0,0,58656015,18,2995,100,0,18670,
246903,16/1/16 22:49:22,82,116,8091,0,-1.55,-6.41,21,0,0,0,0,0,6,6,6,0,0,58656010,18,2995,100,0,56285,
246909,16/1/16 22:49:27,82,116,8091,0,-1.55,-6.41,21,0,0,0,0,0,6,6,6,0,0,58656005,18,2995,100,0,37524,
246914,16/1/16 22:49:32,82,116,8091,0,-1.55,-6.41,21,0,0,0,0,0,6,6,6,0,0,58656000,18,2995,100,0,473,
246919,16/1/16 22:49:37,82,116,8091,0,-1.55,-6.41,21,0,0,0,0,0,6,6,6,0,0,58655995,18,2995,100,0,34802,
246924,16/1/16 22:49:42,82,116,8091,0,-1.55,-6.41,21,0,0,0,0,0,6,6,6,0,0,58655990,18,2995,100,0,62725,
246929,16/1/16 22:49:47,82,116,8091,0,-1.55,-6.41,21,0,0,0,0,0,6,6,6,0,0,58655985,18,2995,100,0,24196,
246934,16/1/16 22:49:52,82,116,8091,0,-1.55,-6.41,21,0,0,0,0,0,6,6,6,0,0,58655980,18,2995,100,0,23142,
246940,16/1/16 22:49:58,82,116,8091,0,-1.55,-6.41,21,0,0,0,0,0,6,6,6,0,0,58655974,18,2995,100,0,40919,
246945,16/1/16 22:50:3,82,116,8091,0,-1.55,-6.41,21,0,0,0,0,0,6,6,6,0,0,58655969,18,2995,100,0,1199,
246951,16/1/16 22:50:8,82,116,8091,0,-1.55,-6.41,21,0,0,0,0,0,6,6,6,0,0,58655964,18,2995,100,0,18544,
246956,16/1/16 22:50:13,82,116,8091,0,-1.55,-6.41,21,0,0,0,0,0,6,6,6,0,0,58655959,18,2995,100,0,62433,
246961,16/1/16 22:50:18,82,116,8091,0,-1.55,-6.41,21,0,0,0,0,0,6,6,6,0,0,58655954,18,2995,100,0,57676,
246966,16/1/16 22:50:23,82,116,8091,0,-1.55,-6.41,21,0,0,0,0,0,6,6,6,0,0,58655949,18,2995,100,0,43536,
246971,16/1/16 22:50:28,82,116,8091,0,-1.55,-6.41,21,0,0,0,0,0,6,6,6,0,0,58655944,18,2995,100,0,47507,
246976,16/1/16 22:50:33,82,116,8091,0,-1.55,-6.41,21,0,0,0,0,0,6,6,6,0,0,58655939,18,2995,100,0,46563,
246982,16/1/16 22:50:39,82,116,8091,0,-1.55,-6.41,21,0,0,0,0,0,6,6,6,0,0,58655933,18,2995,100,0,22423,
246987,16/1/16 22:50:44,82,116,8091,0,-1.55,-6.41,21,0,0,0,0,0,6,6,6,0,0,58655928,18,2995,100,0,17428,
246993,16/1/16 22:50:49,82,116,8091,0,-1.55,-6.41,21,0,0,0,0,0,6,6,6,0,0,58655923,18,2995,100,0,48870,
246998,16/1/16 22:50:54,82,116,8091,0,-1.55,-6.41,21,0,0,0,0,0,6,6,6,0,0,58655918,18,2995,100,0,3573,
247003,16/1/16 22:50:59,82,116,8091,0,-1.55,-6.41,21,0,0,0,0,0,6,6,6,0,0,58655913,18,2995,100,0,22952,
247008,16/1/16 22:51:4,82,116,8091,0,-1.55,-6.41,21,0,0,0,0,0,6,6,6,0,0,58655908,18,2995,100,0,32765,
247013,16/1/16 22:51:9,82,116,8091,0,-1.55,-6.41,21,0,0,0,0,0,6,6,6,0,0,58655903,18,2995,100,0,31728,
247018,16/1/16 22:51:14,82,116,8091,0,-1.55,-6.41,21,0,0,0,0,0,6,6,6,0,0,58655898,18,2995,100,0,58053,
247024,16/1/16 22:51:20,82,116,8091,0,-1.55,-6.41,21,0,0,0,0,0,6,6,6,0,0,58655892,18,2995,100,0,16895,
247029,16/1/16 22:51:25,82,116,8091,0,-1.55,-6.41,21,0,0,0,0,0,6,6,6,0,0,58655887,18,2995,100,0,64115,
247035,16/1/16 22:51:30,82,116,8091,0,-1.55,-6.41,21,0,0,0,0,0,6,6,6,0,0,58655882,18,2995,100,0,26944,
247040,16/1/16 22:51:35,82,116,8091,0,-1.55,-6.41,21,0,0,0,0,0,6,6,6,0,0,58655877,18,2995,100,0,41159,
247045,16/1/16 22:51:40,82,116,8091,0,-1.55,-6.41,21,0,0,0,0,0,6,6,6,0,0,58655872,18,2995,100,0,45892,
247050,16/1/16 22:51:45,82,116,8091,0,-1.55,-6.41,21,0,0,0,0,0,6,6,6,0,0,58655867,18,2995,100,0,51563,
247055,16/1/16 22:51:50,82,116,8091,0,-1.55,-6.41,21,0,0,0,0,0,6,6,6,0,0,58655862,18,2995,100,0,1063,
247060,16/1/16 22:51:55,82,116,8091,0,-1.55,-6.41,21,0,0,0,0,0,6,6,6,0,0,58655857,18,2995,100,0,42400,
247066,16/1/16 22:52:1,82,116,8091,0,-1.55,-6.41,21,0,0,0,0,0,6,6,6,0,0,58655851,18,2995,100,0,14365,
247071,16/1/16 22:52:6,82,116,8091,0,-1.55,-6.41,21,0,0,0,0,0,6,6,6,0,0,58655846,18,2995,100,0,32487,
247077,16/1/16 22:52:11,82,116,8091,0,-1.55,-6.41,21,0,0,0,0,0,6,6,6,0,0,58655841,18,2995,100,0,10938,
247082,16/1/16 22:52:16,82,116,8091,0,-1.55,-6.41,21,0,0,0,0,0,6,6,6,0,0,58655836,18,2995,100,0,55774,
247087,16/1/16 22:52:21,82,116,8091,0,-1.55,-6.41,21,0,0,0,0,0,6,6,6,0,0,58655831,18,2995,100,0,25167,
247092,16/1/16 22:52:26,82,116,8091,0,-1.55,-6.41,21,0,0,0,0,0,6,6,6,0,0,58655826,18,2995,100,0,53081,
247097,16/1/16 22:52:31,82,116,8091,0,-1.55,-6.41,21,0,0,0,0,0,6,6,6,0,0,58655821,18,2995,100,0,33797,
247102,16/1/16 22:52:36,82,116,8091,0,-1.55,-6.41,21,0,0,0,0,0,6,6,6,0,0,58655816,18,2995,100,0,7502,
247108,16/1/16 22:52:42,82,116,8091,0,-1.55,-6.41,21,0,0,0,0,0,6,6,6,0,0,58655810,18,2995,100,0,45662,
247113,16/1/16 22:52:47,82,116,8091,0,-1.55,-6.41,21,0,0,0,0,0,6,6,6,0,0,58655805,18,2995,100,0,31106,
247119,16/1/16 22:52:52,82,116,8091,0,-1.55,-6.41,21,0,0,0,0,0,6,6,6,0,0,58655800,18,2995,100,0,54714,
247124,16/1/16 22:52:57,82,116,8091,0,-1.55,-6.41,21,0,0,0,0,0,6,6,6,0,0,58655795,18,2995,100,0,37107,
247129,16/1/16 22:53:2,82,116,8091,0,-1.55,-6.41,21,0,0,0,0,0,6,6,6,0,0,58655790,18,2995,100,0,13087,
247134,16/1/16 22:53:7,82,116,8091,0,-1.55,-6.41,21,0,0,0,0,0,6,6,6,0,0,58655785,18,2995,100,0,39070,
247139,16/1/16 22:53:12,82,116,8091,0,-1.55,-6.41,21,0,0,0,0,0,6,6,6,0,0,58655780,18,2995,100,0,20968,
247144,16/1/16 22:53:17,82,116,8091,0,-1.55,-6.41,21,0,0,0,0,0,6,6,6,0,0,58655775,18,2995,100,0,57432,
247150,16/1/16 22:53:23,82,116,8091,0,-1.55,-6.41,21,0,0,0,0,0,6,6,6,0,0,58655769,18,2995,100,0,41612,
247155,16/1/16 22:53:28,82,116,8091,0,-1.55,-6.41,21,0,0,0,0,0,6,6,6,0,0,58655764,18,2995,100,0,28650,
247161,16/1/16 22:53:33,82,116,8091,0,-1.55,-6.41,21,0,0,0,0,0,6,6,6,0,0,58655759,18,2995,100,0,21672,
247166,16/1/16 22:53:38,82,116,8091,0,-1.55,-6.41,21,0,0,0,0,0,6,6,6,0,0,58655754,18,2995,100,0,51099,
247171,16/1/16 22:53:43,82,116,8091,0,-1.55,-6.41,21,0,0,0,0,0,6,6,6,0,0,58655749,18,2995,100,0,36562,
247176,16/1/16 22:53:48,82,116,8091,0,-1.55,-6.41,21,0,0,0,0,0,6,6,6,0,0,58655744,18,2995,100,0,8938,
247181,16/1/16 22:53:53,82,116,8091,0,-1.55,-6.41,21,0,0,0,0,0,6,6,6,0,0,58655739,18,2995,100,0,11487,
247186,16/1/16 22:53:58,82,116,8091,0,-1.55,-6.41,21,0,0,0,0,0,6,6,6,0,0,58655734,18,2995,100,0,21550,
247192,16/1/16 22:54:4,82,116,8091,0,-1.55,-6.41,21,0,0,0,0,0,6,6,6,0,0,58655728,18,2995,100,0,22895,
247197,16/1/16 22:54:9,82,116,8091,0,-1.55,-6.41,21,0,0,0,0,0,6,6,6,0,0,58655723,18,2995,100,0,8734,
247202,16/1/16 22:54:14,82,116,8091,0,-1.55,-6.41,21,0,0,0,0,0,6,6,6,0,0,58655718,18,2995,100,0,47973,
247208,16/1/16 22:54:19,82,116,8091,0,-1.55,-6.41,21,0,0,0,0,0,6,6,6,0,0,58655713,18,2995,100,0,20611,
247213,16/1/16 22:54:24,82,116,8091,0,-1.55,-6.41,21,0,0,0,0,0,6,6,6,0,0,58655708,18,2995,100,0,7260,
247218,16/1/16 22:54:29,82,116,8091,0,-1.55,-6.41,21,0,0,0,0,0,6,6,6,0,0,58655703,18,2995,100,0,42957,
247223,16/1/16 22:54:34,82,116,8091,0,-1.55,-6.41,21,0,0,0,0,0,6,6,6,0,0,58655698,18,2995,100,0,35349,
247228,16/1/16 22:54:39,82,116,8091,0,-1.55,-6.41,21,0,0,0,0,0,6,6,6,0,0,58655693,18,2995,100,0,52047,
247234,16/1/16 22:54:45,82,116,8091,0,-1.55,-6.41,21,0,0,0,0,0,6,6,6,0,0,58655687,18,2995,100,0,6459,
247239,16/1/16 22:54:50,82,116,8091,0,-1.55,-6.41,21,0,0,0,0,0,6,6,6,0,0,58655682,18,2995,100,0,51303,
247244,16/1/16 22:54:55,82,116,8091,0,-1.55,-6.41,21,0,0,0,0,0,6,6,6,0,0,58655677,18,2995,100,0,955,
247250,16/1/16 22:55:0,82,116,8091,0,-1.55,-6.41,21,0,0,0,0,0,6,6,6,0,0,58655672,18,2995,100,0,199,
247255,16/1/16 22:55:5,82,116,8091,0,-1.55,-6.41,21,0,0,0,0,0,6,6,6,0,0,58655667,18,2995,100,0,47698,
247260,16/1/16 22:55:10,82,116,8091,0,-1.55,-6.41,21,0,0,0,0,0,6,6,6,0,0,58655662,18,2995,100,0,63133,
247265,16/1/16 22:55:15,82,116,8091,0,-1.55,-6.41,21,0,0,0,0,0,6,6,6,0,0,58655657,18,2995,100,0,23836,
247270,16/1/16 22:55:20,82,116,8091,0,-1.55,-6.41,21,0,0,0,0,0,6,6,6,0,0,58655652,18,2995,100,0,8663,
247276,16/1/16 22:55:26,82,116,8091,0,-1.55,-6.41,21,0,0,0,0,0,6,6,6,0,0,58655646,18,2995,100,0,52367,
247281,16/1/16 22:55:31,82,116,8091,0,-1.55,-6.41,21,0,0,0,0,0,6,6,6,0,0,58655641,18,2995,100,0,26382,
247286,16/1/16 22:55:36,82,116,8091,0,-1.55,-6.41,21,0,0,0,0,0,6,6,6,0,0,58655636,18,2995,100,0,10918,
247292,16/1/16 22:55:41,82,116,8091,0,-1.55,-6.41,21,0,0,0,0,0,6,6,6,0,0,58655631,18,2995,100,0,37162,
247297,16/1/16 22:55:46,82,116,8091,0,-1.55,-6.41,21,0,0,0,0,0,6,6,6,0,0,58655626,18,2995,100,0,537,
247302,16/1/16 22:55:51,82,116,8091,0,-1.55,-6.41,21,0,0,0,0,0,6,6,6,0,0,58655621,18,2995,100,0,62699,
247307,16/1/16 22:55:56,82,116,8091,0,-1.55,-6.41,21,0,0,0,0,0,6,6,6,0,0,58655616,18,2995,100,0,59240,
247312,16/1/16 22:56:1,82,116,8091,0,-1.55,-6.41,21,0,0,0,0,0,6,6,6,0,0,58655611,18,2995,100,0,26540,
247318,16/1/16 22:56:7,82,116,8091,0,-1.55,-6.41,21,0,0,0,0,0,6,6,6,0,0,58655605,18,2995,100,0,15200,
247323,16/1/16 22:56:12,82,116,8091,0,-1.55,-6.41,21,0,0,0,0,0,6,6,6,0,0,58655600,18,2995,100,0,10467,
247328,16/1/16 22:56:17,82,116,8091,0,-1.55,-6.41,21,0,0,0,0,0,6,6,6,0,0,58655595,18,2995,100,0,60457,
247334,16/1/16 22:56:22,82,116,8091,0,-1.55,-6.41,21,0,0,0,0,0,6,6,6,0,0,58655590,18,2995,100,0,43731,
247339,16/1/16 22:56:27,82,116,8091,0,-1.55,-6.41,21,0,0,0,0,0,6,6,6,0,0,58655585,18,2995,100,0,65166,
247344,16/1/16 22:56:32,82,116,8091,0,-1.55,-6.41,21,0,0,0,0,0,6,6,6,0,0,58655580,18,2995,100,0,12959,
247349,16/1/16 22:56:37,82,116,8091,0,-1.55,-6.41,21,0,0,0,0,0,6,6,6,0,0,58655575,18,2995,100,0,35086,
247354,16/1/16 22:56:42,82,116,8091,0,-1.55,-6.41,21,0,0,0,0,0,6,6,6,0,0,58655570,18,2995,100,0,11806,
247360,16/1/16 22:56:48,82,116,8091,0,-1.55,-6.41,21,0,0,0,0,0,6,6,6,0,0,58655564,18,2995,100,0,45852,
247365,16/1/16 22:56:53,82,116,8091,0,-1.55,-6.41,21,0,0,0,0,0,6,6,6,0,0,58655559,18,2995,100,0,2189,
247370,16/1/16 22:56:58,82,116,8091,0,-1.55,-6.41,21,0,0,0,0,0,6,6,6,0,0,58655554,18,2995,100,0,26218,
247376,16/1/16 22:57:3,82,116,8091,0,-1.55,-6.41,21,0,0,0,0,0,6,6,6,0,0,58655549,18,2995,100,0,48457,
247381,16/1/16 22:57:8,82,116,8091,0,-1.55,-6.41,21,0,0,0,0,0,6,6,6,0,0,58655544,18,2995,100,0,44746,
247386,16/1/16 22:57:13,82,116,8091,0,-1.55,-6.41,21,0,0,0,0,0,6,6,6,0,0,58655539,18,2995,100,0,5215,
247391,16/1/16 22:57:18,82,116,8091,0,-1.55,-6.41,21,0,0,0,0,0,6,6,6,0,0,58655534,18,2995,100,0,59179,
247396,16/1/16 22:57:23,82,116,8091,0,-1.55,-6.41,21,0,0,0,0,0,6,6,6,0,0,58655529,18,2995,100,0,18092,
247402,16/1/16 22:57:29,82,116,8091,0,-1.55,-6.41,21,0,0,0,0,0,6,6,6,0,0,58655523,18,2995,100,0,37324,
247407,16/1/16 22:57:34,82,116,8091,0,-1.55,-6.41,21,0,0,0,0,0,6,6,6,0,0,58655518,18,2995,100,0,57932,
247412,16/1/16 22:57:39,82,116,8091,0,-1.55,-6.41,21,0,0,0,0,0,6,6,6,0,0,58655513,18,2995,100,0,18893,
247418,16/1/16 22:57:44,82,116,8091,0,-1.55,-6.41,21,0,0,0,0,0,6,6,6,0,0,58655508,18,2995,100,0,33963,
247423,16/1/16 22:57:49,82,116,8091,0,-1.55,-6.41,21,0,0,0,0,0,6,6,6,0,0,58655503,18,2995,100,0,32924,
247428,16/1/16 22:57:54,82,116,8091,0,-1.55,-6.41,21,0,0,0,0,0,6,6,6,0,0,58655498,18,2995,100,0,5039,
247433,16/1/16 22:57:59,82,116,8091,0,-1.55,-6.41,21,0,0,0,0,0,6,6,6,0,0,58655493,18,2995,100,0,23270,
247438,16/1/16 22:58:4,82,116,8091,0,-1.55,-6.41,21,0,0,0,0,0,6,6,6,0,0,58655488,18,2995,100,0,35910,
247444,16/1/16 22:58:10,82,116,8091,0,-1.55,-6.41,21,0,0,0,0,0,6,6,6,0,0,58655482,18,2995,100,0,56345,
247449,16/1/16 22:58:15,82,116,8091,0,-1.55,-6.41,21,0,0,0,0,0,6,6,6,0,0,58655477,18,2995,100,0,43389,
247454,16/1/16 22:58:20,82,116,8091,0,-1.55,-6.41,21,0,0,0,0,0,6,6,6,0,0,58655472,18,2995,100,0,1349,
247460,16/1/16 22:58:25,82,116,8091,0,-1.55,-6.41,21,0,0,0,0,0,6,6,6,0,0,58655467,18,2995,100,0,32308,
247465,16/1/16 22:58:30,82,116,8091,0,-1.55,-6.41,21,0,0,0,0,0,6,6,6,0,0,58655462,18,2995,100,0,57932,
247470,16/1/16 22:58:35,82,116,8091,0,-1.55,-6.41,21,0,0,0,0,0,6,6,6,0,0,58655457,18,2995,100,0,14047,
247475,16/1/16 22:58:40,82,116,8091,0,-1.55,-6.41,21,0,0,0,0,0,6,6,6,0,0,58655452,18,2995,100,0,31232,
247480,16/1/16 22:58:45,82,116,8091,0,-1.55,-6.41,21,0,0,0,0,0,6,6,6,0,0,58655447,18,2995,100,0,52119,
247486,16/1/16 22:58:51,82,116,8091,0,-1.55,-6.41,21,0,0,0,0,0,6,6,6,0,0,58655441,18,2995,100,0,2269,
247491,16/1/16 22:58:56,82,116,8091,0,-1.55,-6.41,21,0,0,0,0,0,6,6,6,0,0,58655436,18,2995,100,0,64387,
247496,16/1/16 22:59:1,82,116,8091,0,-1.55,-6.41,21,0,0,0,0,0,6,6,6,0,0,58655431,18,2995,100,0,20717,
247502,16/1/16 22:59:6,82,116,8091,0,-1.55,-6.41,21,0,0,0,0,0,6,6,6,0,0,58655426,18,2995,100,0,49622,
247507,16/1/16 22:59:11,82,116,8091,0,-1.55,-6.41,21,0,0,0,0,0,6,6,6,0,0,58655421,18,2995,100,0,62934,
247512,16/1/16 22:59:16,82,116,8091,0,-1.55,-6.41,21,0,0,0,0,0,6,6,6,0,0,58655416,18,2995,100,0,23022,
247517,16/1/16 22:59:21,82,116,8091,0,-1.55,-6.41,21,0,0,0,0,0,6,6,6,0,0,58655411,18,2995,100,0,58235,
247522,16/1/16 22:59:26,82,116,8091,0,-1.55,-6.41,21,0,0,0,0,0,6,6,6,0,0,58655406,18,2995,100,0,42418,
247528,16/1/16 22:59:32,82,116,8091,0,-1.55,-6.41,21,0,0,0,0,0,6,6,6,0,0,58655400,18,2995,100,0,59160,
247533,16/1/16 22:59:37,82,116,8091,0,-1.55,-6.41,21,0,0,0,0,0,6,6,6,0,0,58655395,18,2995,100,0,22941,
247538,16/1/16 22:59:42,82,116,8091,0,-1.55,-6.41,21,0,0,0,0,0,6,6,6,0,0,58655390,18,2995,100,0,43731,
247543,16/1/16 22:59:47,82,116,8091,0,-1.55,-6.41,21,0,0,0,0,0,6,6,6,0,0,58655385,18,2995,100,0,338,
247549,16/1/16 22:59:52,82,116,8091,0,-1.55,-6.41,21,0,0,0,0,0,6,6,6,0,0,58655380,18,2995,100,0,29583,
247554,16/1/16 22:59:57,82,116,8091,0,-1.55,-6.41,21,0,0,0,0,0,6,6,6,0,0,58655375,18,2995,100,0,51203,
247559,16/1/16 23:0:2,82,116,8091,0,-1.55,-6.41,21,0,0,0,0,0,6,6,6,0,0,58655370,18,2995,100,0,27467,
247564,16/1/16 23:0:7,82,116,8091,0,-1.55,-6.41,21,0,0,0,0,0,6,6,6,0,0,58655365,18,2995,100,0,55256,
247570,16/1/16 23:0:13,82,116,8091,0,-1.55,-6.41,21,0,0,0,0,0,6,6,6,0,0,58655359,18,2995,100,0,1263,
247575,16/1/16 23:0:18,82,116,8091,0,-1.55,-6.41,21,0,0,0,0,0,6,6,6,0,0,58655354,18,2995,100,0,55227,
247580,16/1/16 23:0:23,82,116,8091,0,-1.55,-6.41,21,0,0,0,0,0,6,6,6,0,0,58655349,18,2995,100,0,41695,
247585,16/1/16 23:0:28,82,116,8091,0,-1.55,-6.41,21,0,0,0,0,0,6,6,6,0,0,58655344,18,2995,100,0,45404,
247591,16/1/16 23:0:33,82,116,8091,0,-1.55,-6.41,21,0,0,0,0,0,6,6,6,0,0,58655338,18,2995,100,0,30283,
247597,16/1/16 23:0:39,75,107,8093,0,-1.61,-7.02,21.01,0,0,0,0,0,6,6,6,0,0,58655333,18,2995,100,0,6122,
247603,16/1/16 23:0:45,77,112,8100,0,-1.59,-6.62,21.03,0,0,0,0,0,6,6,6,0,0,58655327,18,2995,100,0,20550,
